# Name,   Type, SubType, Offset,  Size, Flags
#
# Matches Arduino FQBN PartitionScheme=default_8MB.
# Curve-layout USB transition preserves NVS, both OTA slots, shot summaries,
# activation history and coredump. Filesystem space is reserved and unmounted.
nvs,      data, nvs,     0x9000,  0x15000,
otadata,  data, ota,     0x1e000, 0x2000,
app0,     app,  ota_0,   0x20000, 0x330000,
app1,     app,  ota_1,   0x350000,0x330000,
shotlog,  data, 0x40,    0x68E000,0x8000,
history,  data, 0x40,    0x696000,0x8000,
shotcurve,data, 0x40,    0x69E000,0xCC000,
scaleprof,data, 0x40,    0x76A000,0x41000,
spiffs,   data, spiffs,  0x7AB000,0x45000,
coredump, data, coredump,0x7F0000,0x10000,
